{
  "project_info": {
    "project_number": "295321548156",
    "firebase_url": "https://tripper-1573732628788.firebaseio.com",
    "project_id": "tripper-1573732628788",
    "storage_bucket": "tripper-1573732628788.appspot.com"
  },
  "client": [
    {
      "client_info": {
        "mobilesdk_app_id": "1:295321548156:android:2e9ba8d4573ca8890fe0f9",
        "android_client_info": {
          "package_name": "com.android.tripper"
        }
      },
      "oauth_client": [
        {
          "client_id": "295321548156-dq80nuue1g3fh1glcnmt9qkp4aa8i1d2.apps.googleusercontent.com",
          "client_type": 1,
          "android_info": {
            "package_name": "com.android.tripper",
            "certificate_hash": "802e43684e71acfe266695d9c28f1c5516d21df7"
          }
        },
        {
          "client_id": "295321548156-ajrqv4dsd7teubqchrfe81vb465pm6vc.apps.googleusercontent.com",
          "client_type": 3
        }
      ],
      "api_key": [
        {
          "current_key": "AIzaSyA4EnLj6L4qnSkuxCdNRil5aa1TI0jhymQ"
        }
      ],
      "services": {
        "appinvite_service": {
          "other_platform_oauth_client": [
            {
              "client_id": "295321548156-ajrqv4dsd7teubqchrfe81vb465pm6vc.apps.googleusercontent.com",
              "client_type": 3
            }
          ]
        }
      }
    }
  ],
  "configuration_version": "1"
}